{
  "rectified_size_px": [
    720,
    520
  ],
  "fiducials_rectified_px": {
    "P1": [
      60.0,
      60.0
    ],
    "P2": [
      660.0,
      60.0
    ],
    "P3": [
      660.0,
      460.0
    ],
    "P4": [
      60.0,
      460.0
    ]
  },
  "fiducials_warped_px": {
    "P1": [
      138.2246692826886,
      81.63904557767003
    ],
    "P2": [
      608.9164101890874,
      123.07618280049334
    ],
    "P3": [
      634.3027300564719,
      442.6192556861061
    ],
    "P4": [
      105.85892176120367,
      404.3584469489981
    ]
  },
  "assumed_mm_per_px_rectified": 0.1,
  "measurement_object_rectified_px": [
    260,
    220,
    430,
    265
  ],
  "scratch_endpoints_rectified_px": [
    [
      285,
      243
    ],
    [
      405,
      235
    ]
  ]
}